model,accuracy,precision,recall,f1,auc,cross_val_score,rmse,mae,r2,mse,time
logreg,0.9282349681352176,0.9457964601769911,0.9139497594869054,0.9296004349007883,0.9287815540817727,0.9292592477905952,0.26788996223222417,0.07176503186478249,0.7125494880063277,0.07176503186478249,
AdaBoostClassifier(),0.8877805486284289,0.9090401785714286,0.8706574024585783,0.8894348894348895,0.888435720792005,0.8890734650346704,0.334991718362665,0.11221945137157108,0.5505117476546821,0.11221945137157108,
logreg,0.9282349681352176,0.9457964601769911,0.9139497594869054,0.9296004349007883,0.9287815540817727,0.9292592477905952,0.26788996223222417,0.07176503186478249,0.7125494880063277,0.07176503186478249,
AdaBoostClassifier(),0.8877805486284289,0.9090401785714286,0.8706574024585783,0.8894348894348895,0.888435720792005,0.8890734650346704,0.334991718362665,0.11221945137157108,0.5505117476546821,0.11221945137157108,
GradientBoostingClassifier(),0.8977556109725686,0.9371362048894063,0.860502405130946,0.8971858456394539,0.8991810069383154,0.8974568290813529,0.3197567654130737,0.10224438902743142,0.590466258974266,0.10224438902743142,
RandomForestClassifier(),0.9686893876420061,0.9829670329670329,0.9561731694281133,0.969384990517475,0.9691682878210761,0.9521927938969851,0.17694804988468765,0.03131061235799391,0.874587228357973,0.03131061235799391,
GaussianNB(),0.8805763369354391,0.9326923076923077,0.8295029396044896,0.878076379066478,0.882530526188896,0.8840159282140577,0.34557728956712536,0.11942366306456081,0.5216557117016494,0.11942366306456081,
KNeighborsClassifier(),0.6386810750900527,0.7123595505617978,0.5082843399251737,0.5932626325639425,0.6436703632882486,0.6636863556156941,0.6010980992400053,0.3613189249099474,-0.44724118779825806,0.3613189249099474,
DecisionTreeClassifier(),0.9204765863119978,0.9703087885985748,0.8733297701763763,0.9192686357243318,0.9222805352608003,0.9063256536758442,0.2819989604378041,0.07952341368800221,0.6814737569799847,0.07952341368800221,
