model,accuracy,precision,recall,f1,auc,cross_val_score,rmse,mae,r2,mse,time,train_score,test_score,best_params,accuracy_score,best_score
logreg,0.9282349681352176,0.9457964601769911,0.9139497594869054,0.9296004349007883,0.9287815540817727,0.9292592477905952,0.26788996223222417,0.07176503186478249,0.7125494880063277,0.07176503186478249,,,,,,
AdaBoostClassifier(),,0.9090401785714286,0.8706574024585783,0.8894348894348895,0.888435720792005,0.8890734650346704,0.334991718362665,0.11221945137157108,0.5505117476546821,0.11221945137157108,,0.8949629321693342,0.8877805486284289,,0.8877805486284289,
GradientBoostingClassifier(),,0.9295612009237876,0.860502405130946,0.8936996946988621,0.8951533889866468,0.897318204938572,0.32576614302140317,0.10612357993904128,0.5749283934610945,0.10612357993904128,,0.9095822074412804,0.8938764200609587,,0.8938764200609587,
RandomForestClassifier(),,0.9867549668874173,0.9556386958845537,0.9709475970676079,0.9709148600251307,0.9551721447807349,0.17218624209646938,0.029648101967303962,0.8812463135779036,0.029648101967303962,,1.0,0.9703518980326961,,0.9703518980326961,
GaussianNB(),,0.9326923076923077,0.8295029396044896,0.878076379066478,0.882530526188896,0.8840159282140577,0.34557728956712536,0.11942366306456081,0.5216557117016494,0.11942366306456081,,0.8881729370193308,0.8805763369354391,,0.8805763369354391,
KNeighborsClassifier(),,0.7123595505617978,0.5082843399251737,0.5932626325639425,0.6436703632882486,0.6636863556156941,0.6010980992400053,0.3613189249099474,-0.44724118779825806,0.3613189249099474,,0.7666458809672279,0.6386810750900527,,0.6386810750900527,
DecisionTreeClassifier(),,0.9704142011834319,0.8765366114377339,0.9210895815782084,0.9238839558914792,0.904247659772426,0.2790356667118243,0.07786090329731228,0.6881328421999153,0.07786090329731228,,1.0,0.9221390967026877,,0.9221390967026877,
