model,accuracy,precision,recall,f1,auc,cross_val_score,rmse,mae,r2,mse,time
logreg,0.9282349681352176,0.9457964601769911,0.9139497594869054,0.9296004349007883,0.9287815540817727,0.9292592477905952,0.26788996223222417,0.07176503186478249,0.7125494880063277,0.07176503186478249,
AdaBoostClassifier(),0.8877805486284289,0.9090401785714286,0.8706574024585783,0.8894348894348895,0.888435720792005,0.9292592477905952,0.334991718362665,0.11221945137157108,0.5505117476546821,0.11221945137157108,
GradientBoostingClassifier(),0.8935993349958438,0.9295205083766609,0.8599679315873864,0.8933925596890615,0.894886152214867,0.9292592477905952,0.3261911479549319,0.10640066500415628,0.5738185459244394,0.10640066500415628,
RandomForestClassifier(),0.9664727071210861,0.9828918322295805,0.9518973810796365,0.9671463480857996,0.9670303936468377,0.9292592477905952,0.18310459546093819,0.033527292878913824,0.8657084480647321,0.033527292878913824,
GaussianNB(),0.8805763369354391,0.9326923076923077,0.8295029396044896,0.878076379066478,0.882530526188896,0.9292592477905952,0.34557728956712536,0.11942366306456081,0.5216557117016494,0.11942366306456081,
KNeighborsClassifier(),0.6386810750900527,0.7123595505617978,0.5082843399251737,0.5932626325639425,0.6436703632882486,0.9292592477905952,0.6010980992400053,0.3613189249099474,-0.44724118779825806,0.3613189249099474,
DecisionTreeClassifier(),0.9188140759213078,0.970763723150358,0.8695884553714591,0.9173949816746546,0.9206975648548894,0.9292592477905952,0.2849314375050464,0.08118592407869216,0.674814671760054,0.08118592407869216,
