model,accuracy,precision,recall,f1,auc,cross_val_score,rmse,mae,r2,mse,time,train_score,test_score,best_params,residuals,accuracy_score,best_score
gaussiannb,,0.7445255474452555,0.9456953642384106,0.8331388564760793,0.7302734246934628,0.774555492504847,0.4764285119345052,0.22698412698412698,0.054855419316766074,0.22698412698412698,,0.7747568962095653,0.773015873015873,,"3905    0
3142    0
5328    0
3803    0
994    -1
       ..
3541    0
1902    0
4888    0
5702    0
613     0
Name: subreddit_target, Length: 1260, dtype: int64",0.773015873015873,
logisticregression,,0.6681818181818182,0.9735099337748344,0.7924528301886792,0.6253688282735558,0.7011290017496571,0.5527707983925667,0.3055555555555556,-0.27231001245819964,0.3055555555555556,,0.7011311768207977,0.6944444444444444,,"3905    0
3142    0
5328    0
3803    0
994    -1
       ..
3541    0
1902    0
4888    0
5702    0
613    -1
Name: subreddit_target, Length: 1260, dtype: int64",0.6944444444444444,
gradientboostingclassifier,,0.7455683003128258,0.9470198675496688,0.8343057176196031,0.7319257753589927,0.7717767295597484,0.4747597554519816,0.2253968253968254,0.061464821978886586,0.2253968253968254,,0.7779321293907522,0.7746031746031746,,"3905    0
3142    0
5328    0
3803    0
994    -1
       ..
3541    0
1902    0
4888    0
5702    0
613     0
Name: subreddit_target, Length: 1260, dtype: int64",0.7746031746031746,
randomforestclassifier,,0.7443064182194618,0.952317880794702,0.8355607205113307,0.7316044849518064,0.76999081824057,0.4739231737351262,0.2246031746031746,0.06476952330994679,0.2246031746031746,,0.7803135542766422,0.7753968253968254,,"3905    0
3142    0
5328    0
3803    0
994    -1
       ..
3541    0
1902    0
4888    0
5702    0
613     0
Name: subreddit_target, Length: 1260, dtype: int64",0.7753968253968254,
decisiontreeclassifier,,0.7440166493236212,0.9470198675496688,0.8333333333333334,0.7299455773391909,0.7664184045018205,0.4764285119345052,0.22698412698412698,0.054855419316766074,0.22698412698412698,,0.7803135542766422,0.773015873015873,,"3905    0
3142    0
5328    0
3803    0
994    -1
       ..
3541    0
1902    0
4888    0
5702    0
613     0
Name: subreddit_target, Length: 1260, dtype: int64",0.773015873015873,
