model,accuracy,precision,recall,f1,auc,cross_val_score,rmse,mae,r2,mse,time,train_score,test_score,best_params,accuracy_score,best_score
logreg,0.9282349681352176,0.9457964601769911,0.9139497594869054,0.9296004349007883,0.9287815540817727,0.9292592477905952,0.26788996223222417,0.07176503186478249,0.7125494880063277,0.07176503186478249,,,,,,
adaboostclassifier,,0.9090401785714286,0.8706574024585783,0.8894348894348895,0.888435720792005,0.8890734650346704,0.334991718362665,0.11221945137157108,0.5505117476546821,0.11221945137157108,,0.8949629321693342,0.8877805486284289,,0.8877805486284289,
gradientboostingclassifier,,0.9295612009237876,0.860502405130946,0.8936996946988621,0.8951533889866468,0.8971796768125136,0.32576614302140317,0.10612357993904128,0.5749283934610945,0.10612357993904128,,0.9095822074412804,0.8938764200609587,,0.8938764200609587,
randomforestclassifier,,0.9829106945975744,0.9529663281667557,0.967706919945726,0.9675648671903974,0.9537864314449005,0.18158502897729165,0.032973122748683845,0.8679281431380423,0.032973122748683845,,1.0,0.9670268772513162,,0.9670268772513162,
gaussiannb,,0.9326923076923077,0.8295029396044896,0.878076379066478,0.882530526188896,0.8840159282140577,0.34557728956712536,0.11942366306456081,0.5216557117016494,0.11942366306456081,,0.8881729370193308,0.8805763369354391,,0.8805763369354391,
kneighborsclassifier,,0.7123595505617978,0.5082843399251737,0.5932626325639425,0.6436703632882486,0.6636863556156941,0.6010980992400053,0.3613189249099474,-0.44724118779825806,0.3613189249099474,,0.7666458809672279,0.6386810750900527,,0.6386810750900527,
decisiontreeclassifier,,0.9725700655933214,0.8717263495456975,0.9193912063134161,0.922629572931652,0.9058408172367299,0.2815072443524096,0.07924632862288723,0.6825836045166398,0.07924632862288723,,1.0,0.9207536713771127,,0.9207536713771127,
